Longitude,Latitude,MAR,LogMAR
1.37,78.87,1.26839E-10,-9.896746616
361.37,78.87,1.26839E-10,-9.896746616
299,77,1.26839E-12,-11.89674662
-61,77,1.26839E-12,-11.89674662
317.68,75.1,2.53678E-13,-12.59571662
-42.32,75.1,2.53678E-13,-12.59571662
353.28,74.58,9.83004E-11,-10.00744491
-6.72,74.58,9.83004E-11,-10.00744491
322.37,72.58,2.85388E-13,-12.5445641
-37.63,72.58,2.85388E-13,-12.5445641
333,71,1.90259E-12,-11.72065536
-27,71,1.90259E-12,-11.72065536
316,65,6.34196E-13,-12.19777661
-44,65,6.34196E-13,-12.19777661
197.9,63.45,1.17326E-09,-8.930604883
-162.1,63.45,1.17326E-09,-8.930604883
340,60,6.34196E-12,-11.19777661
-20,60,6.34196E-12,-11.19777661
338.85,54.58,3.2344E-11,-10.49020644
338.85,54.58,5.80289E-11,-10.23635552
-21.15,54.58,3.2344E-11,-10.49020644
-21.15,54.58,5.80289E-11,-10.23635552
215.02,50,9.51294E-12,-11.02168535
-144.98,50,9.51294E-12,-11.02168535
21.36,48.8,6.70007E-10,-9.173920504
381.36,48.8,6.70007E-10,-9.173920504
21.37,48.15,1.7839E-09,-8.748630127
381.37,48.15,1.7839E-09,-8.748630127
340.5,47.83,8.87874E-11,-10.05164858
-19.5,47.83,8.87874E-11,-10.05164858
21.56,47.79,1.13852E-09,-8.943660683
381.56,47.79,1.13852E-09,-8.943660683
339.13,47.72,9.83004E-11,-10.00744491
-20.87,47.72,9.83004E-11,-10.00744491
21.57,47.53,1.49969E-09,-8.823997182
381.57,47.53,1.49969E-09,-8.823997182
19.81,47.51,6.96002E-10,-9.15738982
379.81,47.51,6.96002E-10,-9.15738982
162.12,46.82,2.72704E-11,-10.56430816
522.12,46.82,2.72704E-11,-10.56430816
161.7,46.6,1.55378E-10,-9.808610527
521.7,46.6,1.55378E-10,-9.808610527
175.03,46.12,1.29693E-10,-9.887083299
535.03,46.12,1.29693E-10,-9.887083299
7.88,45.93,1.26839E-11,-10.89674662
367.88,45.93,1.26839E-11,-10.89674662
6.87,45.83,6.34196E-12,-11.19777661
366.87,45.83,6.34196E-12,-11.19777661
19.48,45.67,1.13775E-09,-8.943954173
379.48,45.67,1.13775E-09,-8.943954173
177.52,45.37,7.29325E-11,-10.13707877
537.52,45.37,7.29325E-11,-10.13707877
216.63,44.54,1.90259E-11,-10.72065536
-143.37,44.54,1.90259E-11,-10.72065536
85.63,44.33,9.11657E-10,-9.040168758
445.63,44.33,9.11657E-10,-9.040168758
196.79,44.29,6.97615E-11,-10.15638393
-163.21,44.29,6.97615E-11,-10.15638393
196.67,44.22,6.02486E-11,-10.22005301
-163.33,44.22,6.02486E-11,-10.22005301
176.5,44.05,6.97615E-11,-10.15638393
536.5,44.05,6.97615E-11,-10.15638393
211.94,43.37,8.87874E-11,-10.05164858
-148.06,43.37,8.87874E-11,-10.05164858
166.9,43.28,2.53678E-10,-9.59571662
526.9,43.28,2.53678E-10,-9.59571662
181.48,43.24,4.12227E-11,-10.38486325
-178.52,43.24,4.12227E-11,-10.38486325
150.23,43,5.70776E-11,-10.2435341
202.5,43,3.17098E-11,-10.49880661
510.23,43,5.70776E-11,-10.2435341
-157.5,43,3.17098E-11,-10.49880661
155.9,42.2,1.77575E-10,-9.75061858
515.9,42.2,1.77575E-10,-9.75061858
119.02,42.17,9.91882E-10,-9.003539863
479.02,42.17,9.91882E-10,-9.003539863
9.08,42.15,3.88445E-10,-9.410670518
369.08,42.15,3.88445E-10,-9.410670518
160.36,42.05,6.97615E-11,-10.15638393
520.36,42.05,6.97615E-11,-10.15638393
2.4,41.79,1.6172E-10,-9.791236431
362.4,41.79,1.6172E-10,-9.791236431
146.5,41.5,6.88102E-10,-9.162346873
506.5,41.5,6.88102E-10,-9.162346873
210.45,41.48,1.58549E-11,-10.7998366
-149.55,41.48,1.58549E-11,-10.7998366
188.43,41.42,3.48808E-11,-10.45741392
-171.57,41.42,3.48808E-11,-10.45741392
227.78,41.04,1.26839E-11,-10.89674662
-132.22,41.04,1.26839E-11,-10.89674662
138.7,40.83,1.55378E-10,-9.808610527
498.7,40.83,1.55378E-10,-9.808610527
166.98,40.68,9.51294E-11,-10.02168535
526.98,40.68,9.51294E-11,-10.02168535
146.47,40.52,5.10528E-10,-9.291980731
506.47,40.52,5.10528E-10,-9.291980731
208.61,40.11,9.51294E-12,-11.02168535
-151.39,40.11,9.51294E-12,-11.02168535
197.7,40.08,8.56164E-11,-10.06744284
-162.3,40.08,8.56164E-11,-10.06744284
145.43,40,2.32116E-10,-9.634295526
505.43,40,2.32116E-10,-9.634295526
115.68,39.98,1.74404E-10,-9.758443917
475.68,39.98,1.74404E-10,-9.758443917
103.3,39.88,3.69039E-09,-8.432928254
103.3,39.88,2.82249E-09,-8.549367806
463.3,39.88,3.69039E-09,-8.432928254
463.3,39.88,2.82249E-09,-8.549367806
157.6,39.7,2.09285E-10,-9.679262671
517.6,39.7,2.09285E-10,-9.679262671
219.97,39.57,1.58549E-11,-10.7998366
-140.03,39.57,1.58549E-11,-10.7998366
173.43,39.38,6.02486E-11,-10.22005301
533.43,39.38,6.02486E-11,-10.22005301
9.5,39,3.01243E-10,-9.521083002
25,39,7.57864E-10,-9.120408706
181.83,39,1.90259E-11,-10.72065536
369.5,39,3.01243E-10,-9.521083002
385,39,7.57864E-10,-9.120408706
-178.17,39,1.90259E-11,-10.72065536
179.3,38.6,7.61035E-11,-10.11859537
539.3,38.6,7.61035E-11,-10.11859537
109.7,38.35,5.87836E-09,-8.230743729
109.7,38.35,3.53723E-09,-8.451337032
469.7,38.35,5.87836E-09,-8.230743729
469.7,38.35,3.53723E-09,-8.451337032
198.94,38.22,4.12227E-11,-10.38486325
-161.06,38.22,4.12227E-11,-10.38486325
252.5,38,5.82192E-10,-9.23493393
252.5,38,6.41489E-10,-9.192810724
-107.5,38,5.82192E-10,-9.23493393
-107.5,38,6.41489E-10,-9.192810724
156.6,37.7,3.17098E-10,-9.498806607
163,37.7,5.39066E-11,-10.26835769
516.6,37.7,3.17098E-10,-9.498806607
523,37.7,5.39066E-11,-10.26835769
110.72,37.57,8.42212E-10,-9.074578536
470.72,37.57,8.42212E-10,-9.074578536
174.95,37.4,2.51459E-10,-9.59953342
174.95,37.4,2.78095E-10,-9.555807014
534.95,37.4,2.51459E-10,-9.59953342
534.95,37.4,2.78095E-10,-9.555807014
181.9,37.18,5.39066E-11,-10.26835769
-178.1,37.18,5.39066E-11,-10.26835769
106.97,36.92,4.98795E-10,-9.302077884
466.97,36.92,4.98795E-10,-9.302077884
104.13,36.72,3.22362E-09,-8.491656502
464.13,36.72,3.22362E-09,-8.491656502
99.88,36.67,1.95459E-09,-8.708943977
459.88,36.67,1.95459E-09,-8.708943977
101.8,36.63,1.24715E-09,-8.904082661
461.8,36.63,1.24715E-09,-8.904082661
110.02,36.6,5.42237E-10,-9.265810497
470.02,36.6,5.42237E-10,-9.265810497
101.73,36.58,6.56393E-10,-9.182836262
107.35,36.58,6.96664E-10,-9.15697655
461.73,36.58,6.56393E-10,-9.182836262
467.35,36.58,6.96664E-10,-9.15697655
166.73,36.4,5.70776E-11,-10.2435341
526.73,36.4,5.70776E-11,-10.2435341
105.1,36.27,1.05023E-09,-8.978716279
107.5,36.27,5.68874E-10,-9.244984168
465.1,36.27,1.05023E-09,-8.978716279
467.5,36.27,5.68874E-10,-9.244984168
104.73,36.2,1.24715E-09,-8.904082661
464.73,36.2,1.24715E-09,-8.904082661
200.62,36.18,1.26839E-11,-10.89674662
-159.38,36.18,1.26839E-11,-10.89674662
110.15,36.13,1.1999E-09,-8.920855479
470.15,36.13,1.1999E-09,-8.920855479
104.85,36.12,1.31279E-09,-8.881806266
464.85,36.12,1.31279E-09,-8.881806266
110.67,36.1,4.95307E-10,-9.305125577
470.67,36.1,4.95307E-10,-9.305125577
103.75,36.07,4.84272E-09,-8.314910692
463.75,36.07,4.84272E-09,-8.314910692
103.84,36.05,2.1588E-09,-8.66578706
107.5,36.05,4.62329E-10,-9.335049083
463.84,36.05,2.1588E-09,-8.66578706
467.5,36.05,4.62329E-10,-9.335049083
103.83,36,2.14422E-09,-8.668731441
463.83,36,2.14422E-09,-8.668731441
102,35.77,3.73415E-09,-8.42780881
462,35.77,3.73415E-09,-8.42780881
109.42,35.75,5.85997E-10,-9.23210464
109.42,35.75,8.09234E-10,-9.091925937
109.42,35.75,9.55416E-10,-9.019807475
109.42,35.75,1.52778E-09,-8.815939811
469.42,35.75,5.85997E-10,-9.23210464
469.42,35.75,8.09234E-10,-9.091925937
469.42,35.75,9.55416E-10,-9.019807475
469.42,35.75,1.52778E-09,-8.815939811
107.6,35.7,1.98376E-09,-8.702509867
107.7,35.7,8.51091E-10,-9.070024095
467.6,35.7,1.98376E-09,-8.702509867
467.7,35.7,8.51091E-10,-9.070024095
103.17,35.63,1.517E-09,-8.819015436
463.17,35.63,1.517E-09,-8.819015436
103.2,35.62,1.15233E-09,-8.938421684
109.78,35.62,4.67402E-10,-9.330309123
463.2,35.62,1.15233E-09,-8.938421684
469.78,35.62,4.67402E-10,-9.330309123
103.57,35.58,9.46664E-09,-8.023804079
463.57,35.58,9.46664E-09,-8.023804079
103.58,35.55,7.40994E-09,-8.130185063
463.58,35.55,7.40994E-09,-8.130185063
287.55,35.49,7.73719E-11,-10.11141678
-72.45,35.49,7.73719E-11,-10.11141678
107.97,35.48,1.30454E-09,-8.88454232
467.97,35.48,1.30454E-09,-8.88454232
81.48,35.28,8.72019E-11,-10.05947391
441.48,35.28,8.72019E-11,-10.05947391
107.82,35.2,1.75101E-09,-8.756710205
467.82,35.2,1.75101E-09,-8.756710205
108.33,35.13,7.88305E-10,-9.103305483
468.33,35.13,7.88305E-10,-9.103305483
107.65,35.07,6.62735E-10,-9.178660321
467.65,35.07,6.62735E-10,-9.178660321
105.92,35,7.64333E-09,-8.116717488
465.92,35,7.64333E-09,-8.116717488
324.75,34.98,6.65906E-11,-10.17658731
-35.25,34.98,6.65906E-11,-10.17658731
113.37,34.97,1.56076E-09,-8.806664998
473.37,34.97,1.56076E-09,-8.806664998
104.17,34.93,5.49594E-09,-8.259957927
464.17,34.93,5.49594E-09,-8.259957927
179.7,34.904,5.12113E-11,-10.29063408
539.7,34.904,5.12113E-11,-10.29063408
108.55,34.8,1.02549E-09,-8.989066591
468.55,34.8,1.02549E-09,-8.989066591
105.7,34.68,1.35211E-09,-8.868989411
465.7,34.68,1.35211E-09,-8.868989411
111.15,34.63,1.91083E-09,-8.71877748
471.15,34.63,1.91083E-09,-8.71877748
109.5,34.5,4.18633E-09,-8.378166879
469.5,34.5,4.18633E-09,-8.378166879
327.75,34.47,4.75647E-11,-10.32271535
-32.25,34.47,4.75647E-11,-10.32271535
177.74,34.42,2.15309E-10,-9.666936833
177.74,34.42,1.03057E-10,-9.986923246
537.74,34.42,2.15309E-10,-9.666936833
537.74,34.42,1.03057E-10,-9.986923246
109.52,34.35,1.8379E-09,-8.73567823
469.52,34.35,1.8379E-09,-8.73567823
107,34.33,9.8554E-10,-9.006325597
109.57,34.33,1.80238E-09,-8.744152538
467,34.33,9.8554E-10,-9.006325597
469.57,34.33,1.80238E-09,-8.744152538
108.85,34.28,5.14967E-10,-9.288220582
468.85,34.28,5.14967E-10,-9.288220582
107.83,34.27,6.57027E-10,-9.182416856
467.83,34.27,6.57027E-10,-9.182416856
109.2,34.2,1.26078E-09,-8.899360231
469.2,34.2,1.26078E-09,-8.899360231
109.48,34.18,2.21969E-10,-9.653708567
469.48,34.18,2.21969E-10,-9.653708567
164.5,34.03,4.43937E-11,-10.35267857
524.5,34.03,4.43937E-11,-10.35267857
338.98,33.82,1.50622E-10,-9.822112997
-21.02,33.82,1.50622E-10,-9.822112997
182.5,33.59,6.97615E-11,-10.15638393
-177.5,33.59,6.97615E-11,-10.15638393
150.4,33.4,1.33181E-10,-9.875557317
510.4,33.4,1.33181E-10,-9.875557317
195.53,33.35,1.90259E-11,-10.72065536
-164.47,33.35,1.90259E-11,-10.72065536
338.02,33.15,3.71005E-11,-10.43062075
338.02,33.15,7.42009E-11,-10.12959075
-21.98,33.15,3.71005E-11,-10.43062075
-21.98,33.15,7.42009E-11,-10.12959075
158,33.05,3.48808E-11,-10.45741392
518,33.05,3.48808E-11,-10.45741392
193.58,33.02,1.26839E-11,-10.89674662
-166.42,33.02,1.26839E-11,-10.89674662
34.92,32.55,2.28311E-09,-8.641474111
394.92,32.55,2.28311E-09,-8.641474111
153.02,32.29,5.07357E-11,-10.29468662
159.56,32.29,4.43937E-11,-10.35267857
513.02,32.29,5.07357E-11,-10.29468662
519.56,32.29,4.43937E-11,-10.35267857
295.75,32.08,6.02486E-11,-10.22005301
-64.25,32.08,6.02486E-11,-10.22005301
191.56,32.04,1.90259E-11,-10.72065536
-168.44,32.04,1.90259E-11,-10.72065536
33.5,32,1.14155E-09,-8.942504106
150,32,5.67605E-10,-9.245953576
393.5,32,1.14155E-09,-8.942504106
510,32,5.67605E-10,-9.245953576
235.4,31.7,3.48808E-11,-10.45741392
-124.6,31.7,3.48808E-11,-10.45741392
99.98,31.63,1.19609E-09,-8.922234923
459.98,31.63,1.19609E-09,-8.922234923
335.33,31.55,7.48351E-11,-10.1258946
-24.67,31.55,7.48351E-11,-10.1258946
137.08,31.53,6.7859E-10,-9.168392834
497.08,31.53,6.7859E-10,-9.168392834
220.41,31.51,1.90259E-11,-10.72065536
-139.59,31.51,1.90259E-11,-10.72065536
200.58,31.31,9.51294E-12,-11.02168535
-159.42,31.31,9.51294E-12,-11.02168535
162.19,31.13,1.90259E-11,-10.72065536
522.19,31.13,1.90259E-11,-10.72065536
182.51,31.11,1.58549E-11,-10.7998366
-177.49,31.11,1.58549E-11,-10.7998366
189.65,31.1,1.90259E-11,-10.72065536
-170.35,31.1,1.90259E-11,-10.72065536
232.4,31,2.53678E-11,-10.59571662
-127.6,31,2.53678E-11,-10.59571662
213.52,30.58,1.26839E-11,-10.89674662
-146.48,30.58,1.26839E-11,-10.89674662
175,30,9.51294E-11,-10.02168535
336,30,6.34196E-11,-10.19777661
535,30,9.51294E-11,-10.02168535
-24,30,6.34196E-11,-10.19777661
284.43,29.25,9.22755E-11,-10.03491362
-75.57,29.25,9.22755E-11,-10.03491362
344.55,29.11,2.45751E-10,-9.609504904
344.55,29.11,1.31596E-10,-9.88075851
-15.45,29.11,2.45751E-10,-9.609504904
-15.45,29.11,1.31596E-10,-9.88075851
140,28.4,1.90259E-11,-10.72065536
500,28.4,1.90259E-11,-10.72065536
85.72,28.38,1.6172E-11,-10.79123643
445.72,28.38,1.6172E-11,-10.79123643
182.7,28.2,1.96601E-11,-10.70641492
-177.3,28.2,1.96601E-11,-10.70641492
338.02,28,7.61035E-11,-10.11859537
-21.98,28,7.61035E-11,-10.11859537
340.97,25.52,1.64891E-10,-9.782803263
-19.03,25.52,1.64891E-10,-9.782803263
340.82,25.5,2.15627E-10,-9.666297694
-19.18,25.5,2.15627E-10,-9.666297694
337.17,24.55,1.65208E-10,-9.781968884
-22.83,24.55,1.65208E-10,-9.781968884
59,24.4,3.76078E-09,-8.424721918
419,24.4,3.76078E-09,-8.424721918
59.2,23.5,4.22057E-09,-8.374628552
419.2,23.5,4.22057E-09,-8.374628552
316.61,23.22,2.18798E-10,-9.659957516
-43.39,23.22,2.18798E-10,-9.659957516
340.82,23.07,1.74404E-10,-9.758443917
-19.18,23.07,1.74404E-10,-9.758443917
338.7,22.68,1.39523E-10,-9.85535393
-21.3,22.68,1.39523E-10,-9.85535393
202,22.5,2.85388E-11,-10.5445641
-158,22.5,2.85388E-11,-10.5445641
318.7,22.08,1.52207E-10,-9.81756537
-41.3,22.08,1.52207E-10,-9.81756537
334.77,21.93,2.12456E-10,-9.672731804
-25.23,21.93,2.12456E-10,-9.672731804
64.6,21.8,1.06545E-09,-8.97246733
424.6,21.8,1.06545E-09,-8.97246733
202.4,21.3,1.39523E-11,-10.85535393
-157.6,21.3,1.39523E-11,-10.85535393
339.31,21.15,6.49417E-10,-9.187476655
339.32,21.15,6.24683E-10,-9.204340381
-20.69,21.15,6.49417E-10,-9.187476655
-20.68,21.15,6.24683E-10,-9.204340381
328.83,21.05,1.18278E-10,-9.927097775
-31.17,21.05,1.18278E-10,-9.927097775
65.6,21,6.34196E-10,-9.197776611
425.6,21,6.34196E-10,-9.197776611
340.25,20.92,6.95079E-10,-9.157966057
340.26,20.92,8.62506E-10,-9.064237703
340.26,20.92,3.61175E-10,-9.442282883
340.26,20.92,5.64751E-10,-9.248142688
-19.75,20.92,6.95079E-10,-9.157966057
-19.74,20.92,8.62506E-10,-9.064237703
-19.74,20.92,3.61175E-10,-9.442282883
-19.74,20.92,5.64751E-10,-9.248142688
63.1,20.9,7.32496E-10,-9.135194627
423.1,20.9,7.32496E-10,-9.135194627
59.6,20.7,3.86225E-09,-8.413159319
419.6,20.7,3.86225E-09,-8.413159319
331,20,3.17098E-11,-10.49880661
-29,20,3.17098E-11,-10.49880661
340.1,19.9,1.96601E-10,-9.706414917
-19.9,19.9,1.96601E-10,-9.706414917
340.45,19.52,1.36352E-10,-9.865338151
-19.55,19.52,1.36352E-10,-9.865338151
60.7,19.2,1.44914E-09,-8.838890407
333.93,19.2,2.2514E-10,-9.647548258
420.7,19.2,1.44914E-09,-8.838890407
-26.07,19.2,2.2514E-10,-9.647548258
339.82,19,8.68848E-10,-9.061056044
339.83,19,6.83346E-10,-9.165359332
-20.18,19,8.68848E-10,-9.061056044
-20.17,19,6.83346E-10,-9.165359332
338.92,18.5,5.94242E-10,-9.22603702
-21.08,18.5,5.94242E-10,-9.22603702
338.92,18.43,1.52207E-10,-9.81756537
-21.08,18.43,1.52207E-10,-9.81756537
338.9,18.4,1.90259E-10,-9.720655357
-21.1,18.4,1.90259E-10,-9.720655357
339,18.1,4.28082E-10,-9.368472838
-21,18.1,4.28082E-10,-9.368472838
69,17.9,2.75875E-10,-9.559287354
429,17.9,2.75875E-10,-9.559287354
328.46,17.54,1.49036E-10,-9.826708749
-31.54,17.54,1.49036E-10,-9.826708749
243,17.5,2.85388E-11,-10.5445641
-117,17.5,2.85388E-11,-10.5445641
58.8,17.4,3.93201E-10,-9.405384922
418.8,17.4,3.93201E-10,-9.405384922
69,17.1,1.74404E-10,-9.758443917
429,17.1,1.74404E-10,-9.758443917
59.8,16.6,4.09056E-10,-9.388216897
59.9,16.6,1.36352E-10,-9.865338151
419.8,16.6,4.09056E-10,-9.388216897
419.9,16.6,1.36352E-10,-9.865338151
67.9,16.5,5.01015E-10,-9.30014952
427.9,16.5,5.01015E-10,-9.30014952
60.47,16.25,1.9343E-10,-9.713476772
420.47,16.25,1.9343E-10,-9.713476772
284.33,16.21,1.04325E-10,-9.981610709
-75.67,16.21,1.04325E-10,-9.981610709
60.3,16.2,5.35895E-10,-9.270919902
420.3,16.2,5.35895E-10,-9.270919902
61.5,15.98,1.42694E-10,-9.845594093
421.5,15.98,1.42694E-10,-9.845594093
68.75,15.47,2.34652E-10,-9.629574887
428.75,15.47,2.34652E-10,-9.629574887
6,15,6.34196E-09,-8.197776611
366,15,6.34196E-09,-8.197776611
64.8,14.9,2.50507E-10,-9.601179516
424.8,14.9,2.50507E-10,-9.601179516
64.77,14.48,1.36352E-10,-9.865338151
424.77,14.48,1.36352E-10,-9.865338151
50.5,14.4,2.34652E-09,-8.629574887
410.5,14.4,2.34652E-09,-8.629574887
57.4,14.3,7.73719E-10,-9.111416781
417.4,14.3,7.73719E-10,-9.111416781
341.42,14.17,2.37823E-10,-9.623745344
-18.58,14.17,2.37823E-10,-9.623745344
73.3,13.1,2.00089E-09,-8.698777248
433.3,13.1,2.00089E-09,-8.698777248
46.8,12.9,1.08447E-09,-8.964780501
406.8,12.9,1.08447E-09,-8.964780501
58.7,12.7,5.89802E-10,-9.229293663
418.7,12.7,5.89802E-10,-9.229293663
15.035,12.11,3.32953E-09,-8.477617308
375.035,12.11,3.32953E-09,-8.477617308
73.9,12.1,5.67605E-10,-9.245953576
433.9,12.1,5.67605E-10,-9.245953576
134.29,12.02,1.64891E-11,-10.78280326
134.29,12.02,3.48808E-12,-11.45741392
494.29,12.02,1.64891E-11,-10.78280326
494.29,12.02,3.48808E-12,-11.45741392
8.31,12,5.04186E-09,-8.297409483
368.31,12,5.04186E-09,-8.297409483
281.58,11.58,1.23351E-10,-9.908857006
-78.42,11.58,1.23351E-10,-9.908857006
338.98,11.48,3.28831E-10,-9.483027851
338.98,11.48,7.17275E-10,-9.144314006
-21.02,11.48,3.28831E-10,-9.483027851
-21.02,11.48,7.17275E-10,-9.144314006
53.5,11.3,3.32953E-10,-9.477617308
162.3,11.3,9.83004E-12,-11.00744491
413.5,11.3,3.32953E-10,-9.477617308
522.3,11.3,9.83004E-12,-11.00744491
57.7,10.5,3.61492E-10,-9.441901756
75.2,10.5,3.67834E-09,-8.434348618
417.7,10.5,3.61492E-10,-9.441901756
435.2,10.5,3.67834E-09,-8.434348618
65,10,4.75647E-11,-10.32271535
425,10,4.75647E-11,-10.32271535
341.89,9.34,1.26839E-10,-9.896746616
-18.11,9.34,1.26839E-10,-9.896746616
220.02,9,4.12227E-12,-11.38486325
220.02,9,3.80518E-12,-11.41962536
-139.98,9,4.12227E-12,-11.38486325
-139.98,9,3.80518E-12,-11.41962536
73.7,8.8,2.66362E-10,-9.574527321
433.7,8.8,2.66362E-10,-9.574527321
75.3,8.6,6.50051E-10,-9.187052746
435.3,8.6,6.50051E-10,-9.187052746
51.2,8,4.50279E-10,-9.346518263
332,8,9.51294E-11,-10.02168535
411.2,8,4.50279E-10,-9.346518263
-28,8,9.51294E-11,-10.02168535
175.01,7.93,9.19584E-12,-11.03640861
175.01,7.93,1.17326E-11,-10.93060488
535.01,7.93,9.19584E-12,-11.03640861
535.01,7.93,1.17326E-11,-10.93060488
71.1,7.5,6.43709E-10,-9.191310569
76.7,7.5,4.49011E-09,-8.347743354
431.1,7.5,6.43709E-10,-9.191310569
436.7,7.5,4.49011E-09,-8.347743354
61.1,6.7,1.07813E-10,-9.96732769
421.1,6.7,1.07813E-10,-9.96732769
338.1,6.67,7.92745E-11,-10.1008666
-21.9,6.67,7.92745E-11,-10.1008666
338.86,6.65,8.56164E-11,-10.06744284
-21.14,6.65,8.56164E-11,-10.06744284
59.2,6.42,3.48808E-11,-10.45741392
419.2,6.42,3.48808E-11,-10.45741392
78.7,6.4,4.62963E-10,-9.334453751
438.7,6.4,4.62963E-10,-9.334453751
338.91,5.45,8.24455E-11,-10.08383326
-21.09,5.45,8.24455E-11,-10.08383326
60.2,5.4,2.06114E-10,-9.68589325
420.2,5.4,2.06114E-10,-9.68589325
274.42,5.37,1.52207E-10,-9.81756537
339.37,5.37,1.23668E-10,-9.907742
-85.58,5.37,1.52207E-10,-9.81756537
-20.63,5.37,1.23668E-10,-9.907742
337.8,5.31,1.07813E-10,-9.96732769
-22.2,5.31,1.07813E-10,-9.96732769
338.29,5.26,5.07357E-11,-10.29468662
-21.71,5.26,5.07357E-11,-10.29468662
338.36,5.07,7.92745E-11,-10.1008666
-21.64,5.07,7.92745E-11,-10.1008666
323.52,5.04,1.20497E-10,-9.91902301
333.9,5.04,1.55378E-10,-9.808610527
-36.48,5.04,1.20497E-10,-9.91902301
-26.1,5.04,1.55378E-10,-9.808610527
220.22,5.02,5.07357E-12,-11.29468662
220.22,5.02,5.39066E-12,-11.26835769
220.22,5.02,6.97615E-12,-11.15638393
220.22,5.02,6.02486E-12,-11.22005301
-139.78,5.02,5.07357E-12,-11.29468662
-139.78,5.02,5.39066E-12,-11.26835769
-139.78,5.02,6.97615E-12,-11.15638393
-139.78,5.02,6.02486E-12,-11.22005301
138.83,5.01,9.83004E-12,-11.00744491
138.83,5.01,1.80746E-11,-10.74293175
498.83,5.01,9.83004E-12,-11.00744491
498.83,5.01,1.80746E-11,-10.74293175
220,5,7.33289E-12,-11.13472487
-140,5,7.33289E-12,-11.13472487
347.17,4.32,1.68062E-10,-9.774530737
-12.83,4.32,1.68062E-10,-9.774530737
136.28,4.13,1.87722E-10,-9.7264849
136.28,4.13,1.06545E-10,-9.97246733
496.28,4.13,1.87722E-10,-9.7264849
496.28,4.13,1.06545E-10,-9.97246733
337.8,4.08,9.83004E-11,-10.00744491
-22.2,4.08,9.83004E-11,-10.00744491
220,4,5.7474E-12,-11.24052859
264.4,4,9.51294E-12,-11.02168535
-140,4,5.7474E-12,-11.24052859
-95.6,4,9.51294E-12,-11.02168535
200.7,3.92,3.48808E-12,-11.45741392
-159.3,3.92,3.48808E-12,-11.45741392
135.03,3,4.01763E-10,-9.396029992
135.03,3,3.61809E-10,-9.441520963
495.03,3,4.01763E-10,-9.396029992
495.03,3,3.61809E-10,-9.441520963
348.27,2.73,2.28311E-10,-9.641474111
-11.73,2.73,2.28311E-10,-9.641474111
219.87,2,4.12227E-12,-11.38486325
220,2,4.45919E-12,-11.35074407
-140.13,2,4.12227E-12,-11.38486325
-140,2,4.45919E-12,-11.35074407
67.3,1.9,8.56164E-11,-10.06744284
330,1.9,1.49036E-10,-9.826708749
427.3,1.9,8.56164E-11,-10.06744284
-30,1.9,1.49036E-10,-9.826708749
348.87,1.79,2.56849E-10,-9.590321588
348.87,1.79,1.36352E-10,-9.865338151
-11.13,1.79,2.56849E-10,-9.590321588
-11.13,1.79,1.36352E-10,-9.865338151
159.3,1.75,1.74404E-11,-10.75844392
519.3,1.75,1.74404E-11,-10.75844392
339,1.47,1.33181E-10,-9.875557317
-21,1.47,1.33181E-10,-9.875557317
326.5,1.4,1.49036E-10,-9.826708749
-33.5,1.4,1.49036E-10,-9.826708749
160.57,1.22,2.66362E-11,-10.57452732
520.57,1.22,2.66362E-11,-10.57452732
160.57,1.2198,3.32953E-11,-10.47761731
520.57,1.2198,3.32953E-11,-10.47761731
44.8,1.2,3.00292E-09,-8.522456628
404.8,1.2,3.00292E-09,-8.522456628
346.6,0.6,6.97615E-11,-10.15638393
-13.4,0.6,6.97615E-11,-10.15638393
249.5,0.2,4.12227E-12,-11.38486325
-110.5,0.2,4.12227E-12,-11.38486325
220.6,0.1,5.07357E-12,-11.29468662
-139.4,0.1,5.07357E-12,-11.29468662
220.25,0.07,4.12227E-12,-11.38486325
220.25,0.07,6.97615E-12,-11.15638393
220.25,0.07,6.34196E-12,-11.19777661
-139.75,0.07,4.12227E-12,-11.38486325
-139.75,0.07,6.97615E-12,-11.15638393
-139.75,0.07,6.34196E-12,-11.19777661
89,0,5.07357E-11,-10.29468662
175,0,5.32725E-11,-10.27349733
175,0,2.9173E-11,-10.53501878
175.16,0,1.83917E-11,-10.73537861
175.16,0,2.31481E-11,-10.63548375
220,0,3.76554E-12,-11.42417299
449,0,5.07357E-11,-10.29468662
535,0,5.32725E-11,-10.27349733
535,0,2.9173E-11,-10.53501878
535.16,0,1.83917E-11,-10.73537861
535.16,0,2.31481E-11,-10.63548375
-140,0,3.76554E-12,-11.42417299
6,-0.2,3.2344E-10,-9.490206435
336.8,-0.2,7.92745E-11,-10.1008666
336.9,-0.2,9.83004E-11,-10.00744491
366,-0.2,3.2344E-10,-9.490206435
-23.2,-0.2,7.92745E-11,-10.1008666
-23.1,-0.2,9.83004E-11,-10.00744491
342.7,-0.5,9.19584E-11,-10.03640861
-17.3,-0.5,9.19584E-11,-10.03640861
348.1,-1.2,6.34196E-11,-10.19777661
-11.9,-1.2,6.34196E-11,-10.19777661
348.1,-1.3,1.20497E-10,-9.91902301
-11.9,-1.3,1.20497E-10,-9.91902301
220.25,-1.95,5.70776E-12,-11.2435341
-139.75,-1.95,5.70776E-12,-11.2435341
220,-2,2.77461E-12,-11.55679855
-140,-2,2.77461E-12,-11.55679855
350.1,-2.18,3.80518E-11,-10.41962536
-9.9,-2.18,3.80518E-11,-10.41962536
220,-3,2.97279E-12,-11.52683533
-140,-3,2.97279E-12,-11.52683533
53.6,-3.6,1.3001E-10,-9.88602275
413.6,-3.6,1.3001E-10,-9.88602275
40.5,-4.1,8.24455E-11,-10.08383326
400.5,-4.1,8.24455E-11,-10.08383326
220.27,-4.95,1.26839E-12,-11.89674662
220.27,-4.95,2.53678E-12,-11.59571662
220.27,-4.95,2.21969E-12,-11.65370857
-139.73,-4.95,1.26839E-12,-11.89674662
-139.73,-4.95,2.53678E-12,-11.59571662
-139.73,-4.95,2.21969E-12,-11.65370857
220,-5,2.37823E-12,-11.62374534
335,-5,4.75647E-11,-10.32271535
349.8,-5,6.97615E-11,-10.15638393
-140,-5,2.37823E-12,-11.62374534
-25,-5,4.75647E-11,-10.32271535
-10.2,-5,6.97615E-11,-10.15638393
338.7,-5.02,6.34196E-11,-10.19777661
-21.3,-5.02,6.34196E-11,-10.19777661
338.3,-6.06,6.97615E-11,-10.15638393
-21.7,-6.06,6.97615E-11,-10.15638393
89.35,-6.07,2.85388E-11,-10.5445641
449.35,-6.07,2.85388E-11,-10.5445641
63.26,-6.16,5.39066E-11,-10.26835769
423.26,-6.16,5.39066E-11,-10.26835769
345.4,-7.7,6.97615E-11,-10.15638393
-14.6,-7.7,6.97615E-11,-10.15638393
282,-9,6.34196E-12,-11.19777661
-78,-9,6.34196E-12,-11.19777661
220.5,-9.615,9.758E-14,-13.01063912
-139.5,-9.615,9.758E-14,-13.01063912
88.19,-10.55,3.48808E-11,-10.45741392
448.19,-10.55,3.48808E-11,-10.45741392
224.97,-11.97,9.51294E-13,-12.02168535
224.97,-11.97,1.90259E-12,-11.72065536
-135.03,-11.97,9.51294E-13,-12.02168535
-135.03,-11.97,1.90259E-12,-11.72065536
214.055,-12.77,7.3185E-14,-13.13557785
-145.945,-12.77,7.3185E-14,-13.13557785
155.99,-12.99,2.31481E-11,-10.63548375
515.99,-12.99,2.31481E-11,-10.63548375
65.37,-13.13,8.56164E-11,-10.06744284
425.37,-13.13,8.56164E-11,-10.06744284
234.625,-17.68,2.02479E-13,-12.69362102
-125.375,-17.68,2.02479E-13,-12.69362102
154.83,-17.76,9.19584E-12,-11.03640861
154.83,-17.76,1.26839E-11,-10.89674662
514.83,-17.76,9.19584E-12,-11.03640861
514.83,-17.76,1.26839E-11,-10.89674662
9.16,-20.05,7.92745E-11,-10.1008666
9.16,-20.05,1.20497E-10,-9.91902301
369.16,-20.05,7.92745E-11,-10.1008666
369.16,-20.05,1.20497E-10,-9.91902301
9.17,-20.07,1.83917E-10,-9.735378613
369.17,-20.07,1.83917E-10,-9.735378613
162,-25.27,9.19584E-12,-11.03640861
522,-25.27,9.19584E-12,-11.03640861
248.275,-26.6,1.09778E-13,-12.95948659
-111.725,-26.6,1.09778E-13,-12.95948659
206.59,-27.67,3.17098E-11,-10.49880661
-153.41,-27.67,3.17098E-11,-10.49880661
93.5,-28.52,1.26839E-11,-10.89674662
453.5,-28.52,1.26839E-11,-10.89674662
259.755,-29.575,1.14657E-13,-12.94060125
-100.245,-29.575,1.14657E-13,-12.94060125
97.53,-29.67,3.17098E-11,-10.49880661
457.53,-29.67,3.17098E-11,-10.49880661
102.23,-29.82,1.58549E-11,-10.7998366
462.23,-29.82,1.58549E-11,-10.7998366
162,-29.997,1.77575E-11,-10.75061858
522,-29.997,1.77575E-11,-10.75061858
346.72,-30.58,6.34196E-11,-10.19777661
-13.28,-30.58,6.34196E-11,-10.19777661
161.4,-30.6,6.34196E-12,-11.19777661
521.4,-30.6,6.34196E-12,-11.19777661
276.98,-32.81,9.02615E-14,-13.04449738
-83.02,-32.81,9.02615E-14,-13.04449738
298,-33,8.87874E-10,-9.051648576
-62,-33,8.87874E-10,-9.051648576
286.85,-35.205,4.63505E-12,-11.33394551
-73.15,-35.205,4.63505E-12,-11.33394551
161,-35.499,9.16413E-11,-10.03790876
521,-35.499,9.16413E-11,-10.03790876
161,-35.52,3.93201E-11,-10.40538492
521,-35.52,3.93201E-11,-10.40538492
285,-36,9.51294E-11,-10.02168535
-75,-36,9.51294E-11,-10.02168535
161.2,-36.5,6.65906E-11,-10.17658731
161.2,-36.5,1.05911E-10,-9.97506014
521.2,-36.5,6.65906E-11,-10.17658731
521.2,-36.5,1.05911E-10,-9.97506014
297.73,-38.72,8.24455E-10,-9.083833259
-62.27,-38.72,8.24455E-10,-9.083833259
298,-39,8.24455E-10,-9.083833259
-62,-39,8.24455E-10,-9.083833259
168.3,-40.3,2.53678E-11,-10.59571662
528.3,-40.3,2.53678E-11,-10.59571662
160.51,-41.95,1.36352E-10,-9.865338151
520.51,-41.95,1.36352E-10,-9.865338151
285,-42,1.26839E-10,-9.896746616
-75,-42,1.26839E-10,-9.896746616
294.95,-42.77,1.74404E-09,-8.758443917
-65.05,-42.77,1.74404E-09,-8.758443917
8.9733,-42.873,3.17098E-11,-10.49880661
368.9733,-42.873,3.17098E-11,-10.49880661
8.9,-42.91,8.24455E-11,-10.08383326
368.9,-42.91,8.24455E-11,-10.08383326
191,-45,2.85388E-11,-10.5445641
-169,-45,2.85388E-11,-10.5445641
160.07,-45.08,1.01471E-10,-9.993656629
520.07,-45.08,1.01471E-10,-9.993656629
292.52,-45.86,6.02486E-10,-9.220053006
-67.48,-45.86,6.02486E-10,-9.220053006
175.8,-45.92,2.98072E-12,-11.52567875
535.8,-45.92,2.98072E-12,-11.52567875
177.49,-47.41,4.43937E-12,-11.35267857
537.49,-47.41,4.43937E-12,-11.35267857
66.7,-49.71,2.98775E-13,-12.52465531
426.7,-49.71,2.98775E-13,-12.52465531
5.77,-50.15,3.08853E-10,-9.51024765
365.77,-50.15,3.08853E-10,-9.51024765
72.08,-50.625,5.40432E-13,-12.26725911
432.08,-50.625,5.40432E-13,-12.26725911
75.02,-51.14,2.59232E-13,-12.58631221
435.02,-51.14,2.59232E-13,-12.58631221
74.99,-51.15,7.68907E-13,-12.11412617
434.99,-51.15,7.68907E-13,-12.11412617
72.13,-51.61,2.19688E-13,-12.65819422
432.13,-51.61,2.19688E-13,-12.65819422
71.81,-51.675,5.40432E-13,-12.26725911
431.81,-51.675,5.40432E-13,-12.26725911
186,-53,2.31481E-11,-10.63548375
-174,-53,2.31481E-11,-10.63548375
235,-54,1.58549E-11,-10.7998366
-125,-54,1.58549E-11,-10.7998366
240,-54.93,1.58549E-11,-10.7998366
-120,-54.93,1.58549E-11,-10.7998366
240,-55,1.26839E-11,-10.89674662
-120,-55,1.26839E-11,-10.89674662
292.38,-55.22,1.58549E-11,-10.7998366
-67.62,-55.22,1.58549E-11,-10.7998366
204,-56,2.21969E-11,-10.65370857
245,-56,1.58549E-11,-10.7998366
-156,-56,2.21969E-11,-10.65370857
-115,-56,1.58549E-11,-10.7998366
189.8,-56.9,6.34196E-11,-10.19777661
-170.2,-56.9,6.34196E-11,-10.19777661
190,-60,3.80518E-12,-11.41962536
-170,-60,3.80518E-12,-11.41962536
150.5,-61.5,2.06114E-10,-9.68589325
510.5,-61.5,2.06114E-10,-9.68589325
302.47,-62.26,6.34196E-10,-9.197776611
-57.53,-62.26,6.34196E-10,-9.197776611
325.24,-62.44,1.26839E-13,-12.89674662
-34.76,-62.44,1.26839E-13,-12.89674662
189.9,-62.89,1.01471E-12,-11.99365663
-170.1,-62.89,1.01471E-12,-11.99365663
189.9,-64.81,1.17326E-12,-11.93060488
-170.1,-64.81,1.17326E-12,-11.93060488
357.44,-64.9,1.52841E-10,-9.815759569
-2.56,-64.9,1.52841E-10,-9.815759569
357.41,-64.93,1.64891E-11,-10.78280326
-2.59,-64.93,1.64891E-11,-10.78280326
346.07,-70.83,1.69964E-10,-9.769641817
-13.93,-70.83,1.69964E-10,-9.769641817
159.18,-72.82,4.12227E-14,-13.38486325
519.18,-72.82,4.12227E-14,-13.38486325
0,-75,6.34196E-14,-13.19777661
360,-75,6.34196E-14,-13.19777661
123.35,-75.1,1.26839E-14,-13.89674662
483.35,-75.1,1.26839E-14,-13.89674662
107,-78,2.21969E-14,-13.65370857
107,-78,1.26839E-14,-13.89674662
467,-78,2.21969E-14,-13.65370857
467,-78,1.26839E-14,-13.89674662
240,-80,9.51294E-14,-13.02168535
-120,-80,9.51294E-14,-13.02168535
-180,90,2.53678E-13,-12.59571662
-177.19,90,2.53678E-13,-12.59571662
-174.38,90,2.53678E-13,-12.59571662
-171.56,90,2.53678E-13,-12.59571662
-168.75,90,2.53678E-13,-12.59571662
-165.94,90,2.53678E-13,-12.59571662
-163.13,90,2.53678E-13,-12.59571662
-160.31,90,2.53678E-13,-12.59571662
-157.5,90,2.53678E-13,-12.59571662
-154.69,90,2.53678E-13,-12.59571662
-151.88,90,2.53678E-13,-12.59571662
-149.06,90,2.53678E-13,-12.59571662
-146.25,90,2.53678E-13,-12.59571662
-143.44,90,2.53678E-13,-12.59571662
-140.63,90,2.53678E-13,-12.59571662
-137.81,90,2.53678E-13,-12.59571662
-135,90,2.53678E-13,-12.59571662
-132.19,90,2.53678E-13,-12.59571662
-129.38,90,2.53678E-13,-12.59571662
-126.56,90,2.53678E-13,-12.59571662
-123.75,90,2.53678E-13,-12.59571662
-120.94,90,2.53678E-13,-12.59571662
-118.13,90,2.53678E-13,-12.59571662
-115.31,90,2.53678E-13,-12.59571662
-112.5,90,2.53678E-13,-12.59571662
-109.69,90,2.53678E-13,-12.59571662
-106.88,90,2.53678E-13,-12.59571662
-104.06,90,2.53678E-13,-12.59571662
-101.25,90,2.53678E-13,-12.59571662
-98.44,90,2.53678E-13,-12.59571662
-95.63,90,2.53678E-13,-12.59571662
-92.81,90,2.53678E-13,-12.59571662
-90,90,2.53678E-13,-12.59571662
-87.19,90,2.53678E-13,-12.59571662
-84.38,90,2.53678E-13,-12.59571662
-81.56,90,2.53678E-13,-12.59571662
-78.75,90,2.53678E-13,-12.59571662
-75.94,90,2.53678E-13,-12.59571662
-73.13,90,2.53678E-13,-12.59571662
-70.31,90,2.53678E-13,-12.59571662
-67.5,90,2.53678E-13,-12.59571662
-64.69,90,2.53678E-13,-12.59571662
-61.88,90,2.53678E-13,-12.59571662
-59.06,90,2.53678E-13,-12.59571662
-56.25,90,2.53678E-13,-12.59571662
-53.44,90,2.53678E-13,-12.59571662
-50.63,90,2.53678E-13,-12.59571662
-47.81,90,2.53678E-13,-12.59571662
-45,90,2.53678E-13,-12.59571662
-42.19,90,2.53678E-13,-12.59571662
-39.38,90,2.53678E-13,-12.59571662
-36.56,90,2.53678E-13,-12.59571662
-33.75,90,2.53678E-13,-12.59571662
-30.94,90,2.53678E-13,-12.59571662
-28.13,90,2.53678E-13,-12.59571662
-25.31,90,2.53678E-13,-12.59571662
-22.5,90,2.53678E-13,-12.59571662
-19.69,90,2.53678E-13,-12.59571662
-16.88,90,2.53678E-13,-12.59571662
-14.06,90,2.53678E-13,-12.59571662
-11.25,90,2.53678E-13,-12.59571662
-8.44,90,2.53678E-13,-12.59571662
-5.63,90,2.53678E-13,-12.59571662
-2.81,90,2.53678E-13,-12.59571662
0,90,2.53678E-13,-12.59571662
2.81,90,2.53678E-13,-12.59571662
5.63,90,2.53678E-13,-12.59571662
8.44,90,2.53678E-13,-12.59571662
11.25,90,2.53678E-13,-12.59571662
14.06,90,2.53678E-13,-12.59571662
16.88,90,2.53678E-13,-12.59571662
19.69,90,2.53678E-13,-12.59571662
22.5,90,2.53678E-13,-12.59571662
25.31,90,2.53678E-13,-12.59571662
28.13,90,2.53678E-13,-12.59571662
30.94,90,2.53678E-13,-12.59571662
33.75,90,2.53678E-13,-12.59571662
36.56,90,2.53678E-13,-12.59571662
39.38,90,2.53678E-13,-12.59571662
42.19,90,2.53678E-13,-12.59571662
45,90,2.53678E-13,-12.59571662
47.81,90,2.53678E-13,-12.59571662
50.63,90,2.53678E-13,-12.59571662
53.44,90,2.53678E-13,-12.59571662
56.25,90,2.53678E-13,-12.59571662
59.06,90,2.53678E-13,-12.59571662
61.88,90,2.53678E-13,-12.59571662
64.69,90,2.53678E-13,-12.59571662
67.5,90,2.53678E-13,-12.59571662
70.31,90,2.53678E-13,-12.59571662
73.13,90,2.53678E-13,-12.59571662
75.94,90,2.53678E-13,-12.59571662
78.75,90,2.53678E-13,-12.59571662
81.56,90,2.53678E-13,-12.59571662
84.38,90,2.53678E-13,-12.59571662
87.19,90,2.53678E-13,-12.59571662
90,90,2.53678E-13,-12.59571662
92.81,90,2.53678E-13,-12.59571662
95.63,90,2.53678E-13,-12.59571662
98.44,90,2.53678E-13,-12.59571662
101.25,90,2.53678E-13,-12.59571662
104.06,90,2.53678E-13,-12.59571662
106.88,90,2.53678E-13,-12.59571662
109.69,90,2.53678E-13,-12.59571662
112.5,90,2.53678E-13,-12.59571662
115.31,90,2.53678E-13,-12.59571662
118.13,90,2.53678E-13,-12.59571662
120.94,90,2.53678E-13,-12.59571662
123.75,90,2.53678E-13,-12.59571662
126.56,90,2.53678E-13,-12.59571662
129.38,90,2.53678E-13,-12.59571662
132.19,90,2.53678E-13,-12.59571662
135,90,2.53678E-13,-12.59571662
137.81,90,2.53678E-13,-12.59571662
140.63,90,2.53678E-13,-12.59571662
143.44,90,2.53678E-13,-12.59571662
146.25,90,2.53678E-13,-12.59571662
149.06,90,2.53678E-13,-12.59571662
151.88,90,2.53678E-13,-12.59571662
154.69,90,2.53678E-13,-12.59571662
157.5,90,2.53678E-13,-12.59571662
160.31,90,2.53678E-13,-12.59571662
163.13,90,2.53678E-13,-12.59571662
165.94,90,2.53678E-13,-12.59571662
168.75,90,2.53678E-13,-12.59571662
171.56,90,2.53678E-13,-12.59571662
174.38,90,2.53678E-13,-12.59571662
177.19,90,2.53678E-13,-12.59571662
180,90,2.53678E-13,-12.59571662
182.81,90,2.53678E-13,-12.59571662
185.63,90,2.53678E-13,-12.59571662
188.44,90,2.53678E-13,-12.59571662
191.25,90,2.53678E-13,-12.59571662
194.06,90,2.53678E-13,-12.59571662
196.88,90,2.53678E-13,-12.59571662
199.69,90,2.53678E-13,-12.59571662
202.5,90,2.53678E-13,-12.59571662
205.31,90,2.53678E-13,-12.59571662
208.13,90,2.53678E-13,-12.59571662
210.94,90,2.53678E-13,-12.59571662
213.75,90,2.53678E-13,-12.59571662
216.56,90,2.53678E-13,-12.59571662
219.38,90,2.53678E-13,-12.59571662
222.19,90,2.53678E-13,-12.59571662
225,90,2.53678E-13,-12.59571662
227.81,90,2.53678E-13,-12.59571662
230.63,90,2.53678E-13,-12.59571662
233.44,90,2.53678E-13,-12.59571662
236.25,90,2.53678E-13,-12.59571662
239.06,90,2.53678E-13,-12.59571662
241.88,90,2.53678E-13,-12.59571662
244.69,90,2.53678E-13,-12.59571662
247.5,90,2.53678E-13,-12.59571662
250.31,90,2.53678E-13,-12.59571662
253.13,90,2.53678E-13,-12.59571662
255.94,90,2.53678E-13,-12.59571662
258.75,90,2.53678E-13,-12.59571662
261.56,90,2.53678E-13,-12.59571662
264.38,90,2.53678E-13,-12.59571662
267.19,90,2.53678E-13,-12.59571662
270,90,2.53678E-13,-12.59571662
272.81,90,2.53678E-13,-12.59571662
275.63,90,2.53678E-13,-12.59571662
278.44,90,2.53678E-13,-12.59571662
281.25,90,2.53678E-13,-12.59571662
284.06,90,2.53678E-13,-12.59571662
286.88,90,2.53678E-13,-12.59571662
289.69,90,2.53678E-13,-12.59571662
292.5,90,2.53678E-13,-12.59571662
295.31,90,2.53678E-13,-12.59571662
298.13,90,2.53678E-13,-12.59571662
300.94,90,2.53678E-13,-12.59571662
303.75,90,2.53678E-13,-12.59571662
306.56,90,2.53678E-13,-12.59571662
309.38,90,2.53678E-13,-12.59571662
312.19,90,2.53678E-13,-12.59571662
315,90,2.53678E-13,-12.59571662
317.81,90,2.53678E-13,-12.59571662
320.63,90,2.53678E-13,-12.59571662
323.44,90,2.53678E-13,-12.59571662
326.25,90,2.53678E-13,-12.59571662
329.06,90,2.53678E-13,-12.59571662
331.88,90,2.53678E-13,-12.59571662
334.69,90,2.53678E-13,-12.59571662
337.5,90,2.53678E-13,-12.59571662
340.31,90,2.53678E-13,-12.59571662
343.13,90,2.53678E-13,-12.59571662
345.94,90,2.53678E-13,-12.59571662
348.75,90,2.53678E-13,-12.59571662
351.56,90,2.53678E-13,-12.59571662
354.38,90,2.53678E-13,-12.59571662
357.19,90,2.53678E-13,-12.59571662
360,90,2.53678E-13,-12.59571662
362.81,90,2.53678E-13,-12.59571662
365.63,90,2.53678E-13,-12.59571662
368.44,90,2.53678E-13,-12.59571662
371.25,90,2.53678E-13,-12.59571662
374.06,90,2.53678E-13,-12.59571662
376.88,90,2.53678E-13,-12.59571662
379.69,90,2.53678E-13,-12.59571662
382.5,90,2.53678E-13,-12.59571662
385.31,90,2.53678E-13,-12.59571662
388.13,90,2.53678E-13,-12.59571662
390.94,90,2.53678E-13,-12.59571662
393.75,90,2.53678E-13,-12.59571662
396.56,90,2.53678E-13,-12.59571662
399.38,90,2.53678E-13,-12.59571662
402.19,90,2.53678E-13,-12.59571662
405,90,2.53678E-13,-12.59571662
407.81,90,2.53678E-13,-12.59571662
410.63,90,2.53678E-13,-12.59571662
413.44,90,2.53678E-13,-12.59571662
416.25,90,2.53678E-13,-12.59571662
419.06,90,2.53678E-13,-12.59571662
421.88,90,2.53678E-13,-12.59571662
424.69,90,2.53678E-13,-12.59571662
427.5,90,2.53678E-13,-12.59571662
430.31,90,2.53678E-13,-12.59571662
433.13,90,2.53678E-13,-12.59571662
435.94,90,2.53678E-13,-12.59571662
438.75,90,2.53678E-13,-12.59571662
441.56,90,2.53678E-13,-12.59571662
444.38,90,2.53678E-13,-12.59571662
447.19,90,2.53678E-13,-12.59571662
450,90,2.53678E-13,-12.59571662
452.81,90,2.53678E-13,-12.59571662
455.63,90,2.53678E-13,-12.59571662
458.44,90,2.53678E-13,-12.59571662
461.25,90,2.53678E-13,-12.59571662
464.06,90,2.53678E-13,-12.59571662
466.88,90,2.53678E-13,-12.59571662
469.69,90,2.53678E-13,-12.59571662
472.5,90,2.53678E-13,-12.59571662
475.31,90,2.53678E-13,-12.59571662
478.13,90,2.53678E-13,-12.59571662
480.94,90,2.53678E-13,-12.59571662
483.75,90,2.53678E-13,-12.59571662
486.56,90,2.53678E-13,-12.59571662
489.38,90,2.53678E-13,-12.59571662
492.19,90,2.53678E-13,-12.59571662
495,90,2.53678E-13,-12.59571662
497.81,90,2.53678E-13,-12.59571662
500.63,90,2.53678E-13,-12.59571662
503.44,90,2.53678E-13,-12.59571662
506.25,90,2.53678E-13,-12.59571662
509.06,90,2.53678E-13,-12.59571662
511.88,90,2.53678E-13,-12.59571662
514.69,90,2.53678E-13,-12.59571662
517.5,90,2.53678E-13,-12.59571662
520.31,90,2.53678E-13,-12.59571662
523.13,90,2.53678E-13,-12.59571662
525.94,90,2.53678E-13,-12.59571662
528.75,90,2.53678E-13,-12.59571662
531.56,90,2.53678E-13,-12.59571662
534.38,90,2.53678E-13,-12.59571662
537.19,90,2.53678E-13,-12.59571662
540,90,2.53678E-13,-12.59571662
-180,-90,1.26839E-14,-13.89674662
-177.19,-90,1.26839E-14,-13.89674662
-174.38,-90,1.26839E-14,-13.89674662
-171.56,-90,1.26839E-14,-13.89674662
-168.75,-90,1.26839E-14,-13.89674662
-165.94,-90,1.26839E-14,-13.89674662
-163.13,-90,1.26839E-14,-13.89674662
-160.31,-90,1.26839E-14,-13.89674662
-157.5,-90,1.26839E-14,-13.89674662
-154.69,-90,1.26839E-14,-13.89674662
-151.88,-90,1.26839E-14,-13.89674662
-149.06,-90,1.26839E-14,-13.89674662
-146.25,-90,1.26839E-14,-13.89674662
-143.44,-90,1.26839E-14,-13.89674662
-140.63,-90,1.26839E-14,-13.89674662
-137.81,-90,1.26839E-14,-13.89674662
-135,-90,1.26839E-14,-13.89674662
-132.19,-90,1.26839E-14,-13.89674662
-129.38,-90,1.26839E-14,-13.89674662
-126.56,-90,1.26839E-14,-13.89674662
-123.75,-90,1.26839E-14,-13.89674662
-120.94,-90,1.26839E-14,-13.89674662
-118.13,-90,1.26839E-14,-13.89674662
-115.31,-90,1.26839E-14,-13.89674662
-112.5,-90,1.26839E-14,-13.89674662
-109.69,-90,1.26839E-14,-13.89674662
-106.88,-90,1.26839E-14,-13.89674662
-104.06,-90,1.26839E-14,-13.89674662
-101.25,-90,1.26839E-14,-13.89674662
-98.44,-90,1.26839E-14,-13.89674662
-95.63,-90,1.26839E-14,-13.89674662
-92.81,-90,1.26839E-14,-13.89674662
-90,-90,1.26839E-14,-13.89674662
-87.19,-90,1.26839E-14,-13.89674662
-84.38,-90,1.26839E-14,-13.89674662
-81.56,-90,1.26839E-14,-13.89674662
-78.75,-90,1.26839E-14,-13.89674662
-75.94,-90,1.26839E-14,-13.89674662
-73.13,-90,1.26839E-14,-13.89674662
-70.31,-90,1.26839E-14,-13.89674662
-67.5,-90,1.26839E-14,-13.89674662
-64.69,-90,1.26839E-14,-13.89674662
-61.88,-90,1.26839E-14,-13.89674662
-59.06,-90,1.26839E-14,-13.89674662
-56.25,-90,1.26839E-14,-13.89674662
-53.44,-90,1.26839E-14,-13.89674662
-50.63,-90,1.26839E-14,-13.89674662
-47.81,-90,1.26839E-14,-13.89674662
-45,-90,1.26839E-14,-13.89674662
-42.19,-90,1.26839E-14,-13.89674662
-39.38,-90,1.26839E-14,-13.89674662
-36.56,-90,1.26839E-14,-13.89674662
-33.75,-90,1.26839E-14,-13.89674662
-30.94,-90,1.26839E-14,-13.89674662
-28.13,-90,1.26839E-14,-13.89674662
-25.31,-90,1.26839E-14,-13.89674662
-22.5,-90,1.26839E-14,-13.89674662
-19.69,-90,1.26839E-14,-13.89674662
-16.88,-90,1.26839E-14,-13.89674662
-14.06,-90,1.26839E-14,-13.89674662
-11.25,-90,1.26839E-14,-13.89674662
-8.44,-90,1.26839E-14,-13.89674662
-5.63,-90,1.26839E-14,-13.89674662
-2.81,-90,1.26839E-14,-13.89674662
0,-90,1.26839E-14,-13.89674662
2.81,-90,1.26839E-14,-13.89674662
5.63,-90,1.26839E-14,-13.89674662
8.44,-90,1.26839E-14,-13.89674662
11.25,-90,1.26839E-14,-13.89674662
14.06,-90,1.26839E-14,-13.89674662
16.88,-90,1.26839E-14,-13.89674662
19.69,-90,1.26839E-14,-13.89674662
22.5,-90,1.26839E-14,-13.89674662
25.31,-90,1.26839E-14,-13.89674662
28.13,-90,1.26839E-14,-13.89674662
30.94,-90,1.26839E-14,-13.89674662
33.75,-90,1.26839E-14,-13.89674662
36.56,-90,1.26839E-14,-13.89674662
39.38,-90,1.26839E-14,-13.89674662
42.19,-90,1.26839E-14,-13.89674662
45,-90,1.26839E-14,-13.89674662
47.81,-90,1.26839E-14,-13.89674662
50.63,-90,1.26839E-14,-13.89674662
53.44,-90,1.26839E-14,-13.89674662
56.25,-90,1.26839E-14,-13.89674662
59.06,-90,1.26839E-14,-13.89674662
61.88,-90,1.26839E-14,-13.89674662
64.69,-90,1.26839E-14,-13.89674662
67.5,-90,1.26839E-14,-13.89674662
70.31,-90,1.26839E-14,-13.89674662
73.13,-90,1.26839E-14,-13.89674662
75.94,-90,1.26839E-14,-13.89674662
78.75,-90,1.26839E-14,-13.89674662
81.56,-90,1.26839E-14,-13.89674662
84.38,-90,1.26839E-14,-13.89674662
87.19,-90,1.26839E-14,-13.89674662
90,-90,1.26839E-14,-13.89674662
92.81,-90,1.26839E-14,-13.89674662
95.63,-90,1.26839E-14,-13.89674662
98.44,-90,1.26839E-14,-13.89674662
101.25,-90,1.26839E-14,-13.89674662
104.06,-90,1.26839E-14,-13.89674662
106.88,-90,1.26839E-14,-13.89674662
109.69,-90,1.26839E-14,-13.89674662
112.5,-90,1.26839E-14,-13.89674662
115.31,-90,1.26839E-14,-13.89674662
118.13,-90,1.26839E-14,-13.89674662
120.94,-90,1.26839E-14,-13.89674662
123.75,-90,1.26839E-14,-13.89674662
126.56,-90,1.26839E-14,-13.89674662
129.38,-90,1.26839E-14,-13.89674662
132.19,-90,1.26839E-14,-13.89674662
135,-90,1.26839E-14,-13.89674662
137.81,-90,1.26839E-14,-13.89674662
140.63,-90,1.26839E-14,-13.89674662
143.44,-90,1.26839E-14,-13.89674662
146.25,-90,1.26839E-14,-13.89674662
149.06,-90,1.26839E-14,-13.89674662
151.88,-90,1.26839E-14,-13.89674662
154.69,-90,1.26839E-14,-13.89674662
157.5,-90,1.26839E-14,-13.89674662
160.31,-90,1.26839E-14,-13.89674662
163.13,-90,1.26839E-14,-13.89674662
165.94,-90,1.26839E-14,-13.89674662
168.75,-90,1.26839E-14,-13.89674662
171.56,-90,1.26839E-14,-13.89674662
174.38,-90,1.26839E-14,-13.89674662
177.19,-90,1.26839E-14,-13.89674662
180,-90,1.26839E-14,-13.89674662
182.81,-90,1.26839E-14,-13.89674662
185.63,-90,1.26839E-14,-13.89674662
188.44,-90,1.26839E-14,-13.89674662
191.25,-90,1.26839E-14,-13.89674662
194.06,-90,1.26839E-14,-13.89674662
196.88,-90,1.26839E-14,-13.89674662
199.69,-90,1.26839E-14,-13.89674662
202.5,-90,1.26839E-14,-13.89674662
205.31,-90,1.26839E-14,-13.89674662
208.13,-90,1.26839E-14,-13.89674662
210.94,-90,1.26839E-14,-13.89674662
213.75,-90,1.26839E-14,-13.89674662
216.56,-90,1.26839E-14,-13.89674662
219.38,-90,1.26839E-14,-13.89674662
222.19,-90,1.26839E-14,-13.89674662
225,-90,1.26839E-14,-13.89674662
227.81,-90,1.26839E-14,-13.89674662
230.63,-90,1.26839E-14,-13.89674662
233.44,-90,1.26839E-14,-13.89674662
236.25,-90,1.26839E-14,-13.89674662
239.06,-90,1.26839E-14,-13.89674662
241.88,-90,1.26839E-14,-13.89674662
244.69,-90,1.26839E-14,-13.89674662
247.5,-90,1.26839E-14,-13.89674662
250.31,-90,1.26839E-14,-13.89674662
253.13,-90,1.26839E-14,-13.89674662
255.94,-90,1.26839E-14,-13.89674662
258.75,-90,1.26839E-14,-13.89674662
261.56,-90,1.26839E-14,-13.89674662
264.38,-90,1.26839E-14,-13.89674662
267.19,-90,1.26839E-14,-13.89674662
270,-90,1.26839E-14,-13.89674662
272.81,-90,1.26839E-14,-13.89674662
275.63,-90,1.26839E-14,-13.89674662
278.44,-90,1.26839E-14,-13.89674662
281.25,-90,1.26839E-14,-13.89674662
284.06,-90,1.26839E-14,-13.89674662
286.88,-90,1.26839E-14,-13.89674662
289.69,-90,1.26839E-14,-13.89674662
292.5,-90,1.26839E-14,-13.89674662
295.31,-90,1.26839E-14,-13.89674662
298.13,-90,1.26839E-14,-13.89674662
300.94,-90,1.26839E-14,-13.89674662
303.75,-90,1.26839E-14,-13.89674662
306.56,-90,1.26839E-14,-13.89674662
309.38,-90,1.26839E-14,-13.89674662
312.19,-90,1.26839E-14,-13.89674662
315,-90,1.26839E-14,-13.89674662
317.81,-90,1.26839E-14,-13.89674662
320.63,-90,1.26839E-14,-13.89674662
323.44,-90,1.26839E-14,-13.89674662
326.25,-90,1.26839E-14,-13.89674662
329.06,-90,1.26839E-14,-13.89674662
331.88,-90,1.26839E-14,-13.89674662
334.69,-90,1.26839E-14,-13.89674662
337.5,-90,1.26839E-14,-13.89674662
340.31,-90,1.26839E-14,-13.89674662
343.13,-90,1.26839E-14,-13.89674662
345.94,-90,1.26839E-14,-13.89674662
348.75,-90,1.26839E-14,-13.89674662
351.56,-90,1.26839E-14,-13.89674662
354.38,-90,1.26839E-14,-13.89674662
357.19,-90,1.26839E-14,-13.89674662
360,-90,1.26839E-14,-13.89674662
362.81,-90,1.26839E-14,-13.89674662
365.63,-90,1.26839E-14,-13.89674662
368.44,-90,1.26839E-14,-13.89674662
371.25,-90,1.26839E-14,-13.89674662
374.06,-90,1.26839E-14,-13.89674662
376.88,-90,1.26839E-14,-13.89674662
379.69,-90,1.26839E-14,-13.89674662
382.5,-90,1.26839E-14,-13.89674662
385.31,-90,1.26839E-14,-13.89674662
388.13,-90,1.26839E-14,-13.89674662
390.94,-90,1.26839E-14,-13.89674662
393.75,-90,1.26839E-14,-13.89674662
396.56,-90,1.26839E-14,-13.89674662
399.38,-90,1.26839E-14,-13.89674662
402.19,-90,1.26839E-14,-13.89674662
405,-90,1.26839E-14,-13.89674662
407.81,-90,1.26839E-14,-13.89674662
410.63,-90,1.26839E-14,-13.89674662
413.44,-90,1.26839E-14,-13.89674662
416.25,-90,1.26839E-14,-13.89674662
419.06,-90,1.26839E-14,-13.89674662
421.88,-90,1.26839E-14,-13.89674662
424.69,-90,1.26839E-14,-13.89674662
427.5,-90,1.26839E-14,-13.89674662
430.31,-90,1.26839E-14,-13.89674662
433.13,-90,1.26839E-14,-13.89674662
435.94,-90,1.26839E-14,-13.89674662
438.75,-90,1.26839E-14,-13.89674662
441.56,-90,1.26839E-14,-13.89674662
444.38,-90,1.26839E-14,-13.89674662
447.19,-90,1.26839E-14,-13.89674662
450,-90,1.26839E-14,-13.89674662
452.81,-90,1.26839E-14,-13.89674662
455.63,-90,1.26839E-14,-13.89674662
458.44,-90,1.26839E-14,-13.89674662
461.25,-90,1.26839E-14,-13.89674662
464.06,-90,1.26839E-14,-13.89674662
466.88,-90,1.26839E-14,-13.89674662
469.69,-90,1.26839E-14,-13.89674662
472.5,-90,1.26839E-14,-13.89674662
475.31,-90,1.26839E-14,-13.89674662
478.13,-90,1.26839E-14,-13.89674662
480.94,-90,1.26839E-14,-13.89674662
483.75,-90,1.26839E-14,-13.89674662
486.56,-90,1.26839E-14,-13.89674662
489.38,-90,1.26839E-14,-13.89674662
492.19,-90,1.26839E-14,-13.89674662
495,-90,1.26839E-14,-13.89674662
497.81,-90,1.26839E-14,-13.89674662
500.63,-90,1.26839E-14,-13.89674662
503.44,-90,1.26839E-14,-13.89674662
506.25,-90,1.26839E-14,-13.89674662
509.06,-90,1.26839E-14,-13.89674662
511.88,-90,1.26839E-14,-13.89674662
514.69,-90,1.26839E-14,-13.89674662
517.5,-90,1.26839E-14,-13.89674662
520.31,-90,1.26839E-14,-13.89674662
523.13,-90,1.26839E-14,-13.89674662
525.94,-90,1.26839E-14,-13.89674662
528.75,-90,1.26839E-14,-13.89674662
531.56,-90,1.26839E-14,-13.89674662
534.38,-90,1.26839E-14,-13.89674662
537.19,-90,1.26839E-14,-13.89674662
540,-90,1.26839E-14,-13.89674662
